Headline,Description,label2
installation get year interest,schedule free estimate today receive instant discount,Bad
affordable quality get free quote,professional installation lifetime warranty unbeatable price,Bad
shower remodeling classic quality great price,professional installs done little one day get free quote today,Bad
replacement expert professional installation,save replacement shop replacement sale,Bad
shower conversion call u today,expert shower conversion fair price convert shower,Bad
buy new casement classic quality great price,limited time sale receive month free financing project,Bad
buy new casement classic quality great price,local casement company pa call new casement,Bad
buy new casement classic quality great price,trusted installers near call u today free consultation,Bad
buy thermal guard classic quality great price,limited time sale receive month free financing project,Bad
buy thermal guard classic quality great price,replacement thermal sale visit u thermal,Bad
buy thermal guard classic quality great price,trusted installers near call u today free consultation,Bad
custom remodels current installation special,every project take completed customer focused approach,Bad
efficient remodeling current special,west shore offer remodeling little one day free estimate,Bad
experienced remodelers free sale event,every project take completed customer focused approach,Bad
exterior french expert installation pa,beautiful french entry sale near contact u today,Bad
exterior front entry expert installation,get beautiful new entry right price learn,Bad
free bay quote new replacement bay,limited time sale receive month free financing project,Bad
free bay quote new replacement bay,quality bay sale pittsburgh get free bay quote,Bad
free cost quote processional install,save installation price call sale price,Bad
free cost quote professional install,save installation price call sale price,Bad
free cost quote sale fair price,product installation,Bad
free cost quote sale fair price,product installation month interest,Bad
free cost quote sale fair price,affordable cost pittsburgh get free estimate,Bad
free cost quote sale fair price,dollar free financing month,Bad
free cost quote sale fair price,free installation project free financing,Bad
free cost quote sale fair price,free installation free financing visa gift card purchase,Bad
free cost quote sale fair price,free labor free financing year biggest labor day sale ever,Bad
free cost quote sale fair price,free upgrade triple pane double pane purchase,Bad
free cost quote sale fair price,limited time sale receive month free financing project,Bad
free cost quote sale fair price,receive free installation project free financing,Bad
free cost quote sale fair price,trusted installers near call u today free consultation,Bad
garden replacement free quote,limited time sale receive month free financing project,Bad
get installation today,plus month interest get month interest schedule today,Bad
get product installation today,plus month interest get month interest schedule today,Good
get installs start year saving,addition get year interest payment get free quote,Bad
get installation start year saving,addition get year interest payment get free quote,Good
get shower installs start year saving,addition get year interest payment get free quote,Bad
get installation get year interest,schedule free estimate today receive instant discount,Bad
glass patio installation visit u today,quality patio fair price big patio selection call,Bad
harrisburg company free sale event,every project take completed customer focused approach,Bad
holiday sale lifetime warranty,buy one get one plus one year interest,Bad
holiday sale professional install,buy one get one plus one year interest,Bad
home installation get free consultation,trusted installation service near schedule appt,Bad
home show pricing special product install,plus month interest get month interest schedule today,Bad
home show pricing sale product install,plus month interest get month interest schedule today,Bad
memorial day sale get installation,also get year interest contact u today free quote,Bad
memorial day sale get installation,plus free financing schedule free quote today get instant discount,Bad
memorial day remodeling sale get installation,plus free financing schedule free quote today get instant discount,Good
new year sale lifetime warranty,buy one get one plus one year interest,Bad
new year sale professional install,buy one get one plus one year interest,Bad
one day remodels sale,product installation month interest,Bad
one day remodels free sale,free installation free financing year gift card purchase,Bad
one day remodels free sale event,free installation free financing visa gift card purchase,Bad
one day remodels black friday sale,free installation project free financing,Bad
one day remodels black friday sale extended,receive free installation project free financing,Bad
one day remodels current sale event,product installation,Bad
one day remodels current sale event,product installation month interest,Bad
one day remodels current sale event,dollar free financing month,Bad
one day remodels current sale event,free installation project free financing,Bad
one day remodels current sale event,free installation free financing visa gift card purchase,Bad
one day remodels current sale event,free labor free financing year biggest labor day sale ever,Bad
one day remodels current sale event,free upgrade premium wall surround purchase,Bad
one day remodels current sale event,limited time sale receive month free financing project,Bad
one day remodels current sale event,receive free installation project free financing,Bad
one day remodels dollar sale,dollar free financing month,Bad
one day remodels free fall,free upgrade premium wall surround purchase,Bad
one day remodels independence sale event,receive installation year interest,Bad
one day remodels labor day sale event,free labor free financing year biggest labor day sale ever,Bad
one day remodels time,product installation,Bad
one day remodels save sale,limited time sale receive month free financing project,Bad
one day remodels pitt current special,product installation,Bad
one day remodels pitt current special,product installation month interest,Bad
one day remodels pitt current special,dollar free financing month,Bad
one day remodels pitt current special,free installation project free financing,Bad
one day remodels pitt current special,free installation free financing visa gift card purchase,Bad
one day remodels pitt current special,free labor free financing year biggest labor day sale ever,Bad
one day remodels pitt current special,free upgrade premium wall surround purchase,Bad
one day remodels pitt current special,limited time sale receive month free financing project,Bad
one day remodels pitt current special,receive free installation project free financing,Bad
one day remodels pitt independence sale event,receive installation year interest,Bad
one day remodeling current special,product installation,Bad
one day remodeling current special,product installation month interest,Bad
one day remodeling current special,dollar free financing month,Bad
one day remodeling current special,free installation project free financing,Bad
one day remodeling current special,free installation free financing visa gift card purchase,Bad
one day remodeling current special,free labor free financing year biggest labor day sale ever,Bad
one day remodeling current special,free upgrade premium wall surround purchase,Bad
one day remodeling current special,limited time sale receive month free financing project,Bad
one day remodeling current special,receive free installation project free financing,Bad
one day remodeling current special,receive installation year interest,Bad
one day remodeling current special,west shore offer remodeling little one day free estimate,Bad
one day remodeling independence sale event,receive installation year interest,Bad
pa remodeling get beautiful new,trusted remodeling near visit u remodel project,Bad
pa replacement classic quality great price,save replacement shop replacement sale,Bad
patio classic quality great price,save request free quote,Bad
patio pittsburgh current install saving,quality patio fair price big patio selection free estimate,Bad
pay nothing month save next,take advantage fantastic offer scheduling free estimate today,Bad
pay nothing month save big next project,take advantage fantastic offer scheduling free estimate today,Good
pennsylvania installers new year sale,free professional installation limited time,Bad
pittsburgh remodeling classic quality great price,take advantage fantastic offer scheduling free estimate today,Bad
pittsburgh remodeling current special,west shore offer remodeling little one day free estimate,Bad
president day sale get installs,addition get year interest payment get free quote,Bad
president day sale get installation,addition get year interest payment get free quote,Good
president day sale get shower installs,addition get year interest payment get free quote,Bad
professional remodels west shore,high quality service low price contact u today free quote,Bad
replacement bow classic quality great price,product installation,Bad
replacement bow classic quality great price,product installation month interest,Bad
replacement bow classic quality great price,dollar free financing month,Bad
replacement bow classic quality great price,free installation project free financing,Bad
replacement bow classic quality great price,free installation free financing visa gift card purchase,Bad
replacement bow classic quality great price,free labor free financing year biggest labor day sale ever,Bad
replacement bow classic quality great price,free upgrade triple pane double pane purchase,Bad
replacement bow classic quality great price,limited time sale receive month free financing project,Bad
replacement bow classic quality great price,receive free installation project free financing,Bad
replacement bow classic quality great price,save new bow cost local bow deal shop,Bad
replacement bow classic quality great price,trusted installers near call u today free consultation,Bad
replacement install sale,product installation month interest,Bad
replacement install free sale,free installation free financing year gift card purchase,Bad
replacement install free sale event,free installation free financing visa gift card purchase,Bad
replacement install black friday sale,free installation project free financing,Bad
replacement install black friday sale extended,receive free installation project free financing,Bad
replacement install dollar sale,dollar free financing month,Bad
replacement install free fall,free storm purchase premium entry,Bad
replacement install free fall,customizer,Bad
replacement install labor day sale event,free labor free financing year biggest labor day sale ever,Bad
replacement install time,product installation,Bad
replacement install save sale,limited time sale receive month free financing project,Bad
replacement entry quality great price,huge selection entry fit style get free obligation quote,Bad
replacement french classic quality great price,beautiful french professionally installed affordable price,Bad
replacement sliding quality great price,huge selection entry fit style get free obligation quote,Bad
replacement vinyl classic quality great price,limited time sale receive month free financing project,Bad
replacement vinyl classic quality great price,save vinyl price vinyl installation act,Bad
replacement vinyl classic quality great price,trusted installers near call u today free consultation,Bad
replacement install sale,trusted installers near call u today free consultation,Bad
replacement install free sale event,trusted installers near call u today free consultation,Bad
replacement install black friday sale,trusted installers near call u today free consultation,Bad
replacement install black friday sale extended,trusted installers near call u today free consultation,Bad
replacement install dollar sale,trusted installers near call u today free consultation,Bad
replacement install free fall,free upgrade triple pane double pane purchase,Bad
replacement install free fall,trusted installers near call u today free consultation,Bad
replacement install labor day sale event,trusted installers near call u today free consultation,Bad
replacement install time,trusted installers near call u today free consultation,Bad
replacement install save sale,trusted installers near call u today free consultation,Bad
replacement holiday sale,buy one get one plus one year interest,Bad
replacement pa replacement company,product installation,Bad
replacement pa replacement company,product installation month interest,Bad
replacement pa replacement company,dollar free financing month,Bad
replacement pa replacement company,free installation project free financing,Bad
replacement pa replacement company,free installation free financing visa gift card purchase,Bad
replacement pa replacement company,free labor free financing year biggest labor day sale ever,Bad
replacement pa replacement company,free upgrade triple pane double pane purchase,Bad
replacement pa replacement company,limited time sale receive month free financing project,Bad
replacement pa replacement company,quality replacement home get free quote,Bad
replacement pa replacement company,receive free installation project free financing,Bad
replacement pa replacement company,trusted installers near call u today free consultation,Bad
replacement new year sale,buy one get one plus one year interest,Bad
replacement pa trusted replacement expert,product installation,Bad
replacement pa trusted replacement expert,product installation month interest,Bad
replacement pa trusted replacement expert,dollar free financing month,Bad
replacement pa trusted replacement expert,free installation project free financing,Bad
replacement pa trusted replacement expert,free installation free financing visa gift card purchase,Bad
replacement pa trusted replacement expert,free labor free financing year biggest labor day sale ever,Bad
replacement pa trusted replacement expert,free upgrade triple pane double pane purchase,Bad
replacement pa trusted replacement expert,get quality replacement home call free quote today,Bad
replacement pa trusted replacement expert,limited time sale receive month free financing project,Bad
replacement pa trusted replacement expert,receive free installation project free financing,Bad
replacement pa trusted replacement expert,trusted installers near call u today free consultation,Bad
save project start year saving,trusted remodeling near call u remodel project,Bad
save brand new start year saving,trusted installers near call u next project,Bad
save project start year saving,trusted installers near call u today free consultation,Bad
save project start year saving,trusted home remodeling near call u remodeling project,Good
save next project get month interest,schedule today double sale save year interest,Bad
save west shore pa west shore central pa,get quality home west shore get free quote,Bad
save shower local shower replacement pa,local shower installation get replacement shower save,Bad
save installation buy u,local installation top rated service get new today,Bad
shower conversion west shore home,convert old fresh new shower free estimate,Bad
walk professional installation,get free obligation walk see affordable,Bad
west shore home pa experienced remodelers,quality product affordable price get free obligation quote,Bad
west shore home pa experienced installers,quality product affordable price get free obligation quote,Bad
west shore home pa experienced home remodelers,quality product affordable price get free obligation quote,Good
west shore home pa quality home remodeling,contact u get free obligation quote,Good
west shore home oh installation company,quality replacement home get free quote,Bad
west shore home remodeling expert remodelers,contact u get free obligation quote,Good
west shore home remodeling replacement installers,contact u get free obligation quote,Good
west shore home remodeling installation company,product installation,Bad
west shore home remodeling installation company,product installation month interest,Bad
west shore home remodeling installation company,dollar free financing month,Bad
west shore home remodeling installation company,free installation project free financing,Bad
west shore home remodeling installation company,free installation free financing visa gift card purchase,Bad
west shore home remodeling installation company,receive free installation project free financing,Bad
west shore home remodeling installation company,trusted installers near call u today free consultation,Bad
west shore installation company,dollar free financing month,Bad
west shore installation company,free labor free financing year biggest labor day sale ever,Bad
west shore installation company,free upgrade triple pane double pane purchase,Bad
west shore installation company,limited time sale receive month free financing project,Bad
west shore installation company,trusted installers near call u today free consultation,Bad
installation company bay,trusted installers near call u today free consultation,Bad
installation company replacement garden,trusted installers near call u today free consultation,Bad
installation pa trusted installation expert,get quality installation home call free quote today,Bad
installation pa trusted installation expert,limited time sale receive month free financing project,Bad
installation pa trusted installation expert,trusted installers near call u today free consultation,Bad
choice sale get project,trusted remodeling near call u remodel project,Bad
choice sale get project,trusted home remodeling near call u remodeling project,Good
choice sale get project,trusted installers near call u today free consultation,Bad
choice sale get install,trusted installers near call u next project,Bad
customizer home remodeling sale,product installation month interest,Good
customizer home remodeling free sale,free installation free financing year gift card purchase,Good
customizer home remodeling free sale event,free installation free financing visa gift card purchase,Good
customizer home remodeling black friday sale,free installation project free financing,Good
customizer home remodeling black friday sale extended,receive free installation project free financing,Good
customizer home remodeling dollar sale,dollar free financing month,Good
customizer home remodeling free fall,customizer,Good
customizer home remodeling labor day sale event,free labor free financing year biggest labor day sale ever,Good
customizer home remodeling time,product installation,Good
customizer home remodeling save sale,limited time sale receive month free financing project,Good
free sale,free installation free financing year gift card purchase,Bad
keyword professional remodeling classic quality great price,get best quality best price request free quote today,Bad
keyword replacement classic quality great price,replacement sale shop replacement sale,Bad
keyword replacement rate free quote,classic great price see online gallery photo,Bad
premier quality company company,local energy efficient specialist free est obligation call u,Good
company visit gallery showroom,trusted name since schedule free estimate today,Good
energy efficient feldco,hurry offer end monday get free quote deal end,Good
superior quality service,find perfect home call today free quote,Good
home replacement high quality installation,year experience replacement industry,Good
naperville repair usa board glass service,naperville area repair replacement call year service warranty onsite within hour,Good
home repair naperville bbb company,best price quality repair repair glass u quote year experience service broken glass replacement wood repair defogging commercial glass repair glass repair replacement,Good
home repair service glass replacement freequote,fully insured rated best price repair american brand save time day save save money service repair frame repair wooden equipment repair wooden sash repair sill rotten wood mold repair,Good
premium repair service get free quote call,high end repair restoration type property material,Good
satisfaction guaranteed,come wood repair spot call labor warranty schedule flexibility free instant quote lowest price find local professional always time highest quality service wood repair wood repair glass replacement,Good
repair expert free estimate,licensed handyman expert connection home improvement call background checked fully insured professional friendly guaranteed work award winning remodeling transparent pricing service carpentry deck drywall electrical fence maintenance install,Good
installation premier quality,need new installed free est obligation financing avail call specializing home lot brand carried top line service,Good
local installation money interest,beautiful custom beldon call lifetime warranty rapid installation time free quote day family owned operated bogo,Good
home installation save get free quote,replacement company chicago contact u today competitive pricing fully insured,Good
quality installation feldco,hurry offer end monday get free quote deal end free easy quote financing available lower energy bill served year service style double hung casement bay bow sliding awning picture garden basement,Good
replacement call today,buy get free financing expert installation midwest largest dealer free consultation service siding stone roofing gutter decking attic insulation closet organizer,Good
top naperville installers get multiple free quote today,find naperville installers shop multiple quote save big act right lowest cost payment month save electric bill custom sizing available interest brand andersen pella marvin milgard simonton,Good
work chicago il,classic quality great price call quote,Good
cheapest hurry get free quote,miss limited time deal high quality get started right,Good
find cheap zip cheap replacement,find cheap replacement price zip code compare price today,Good
special recommended company,bbb rated year experience best special chicagoland,Good
inexpensive replacement inexpensive replacement,find best result inexpensive replacement,Good
company lifetime warranty,beautiful custom beldon get free estimate,Good
contractor quality siding,trusted reliable contractor call specialist today est,Good
contractor family owned widow replacement,wide variety quality installation get free quote today,Good
energy efficient top contractor,expert help find right solution home,Good
top chicago pro get multiple free quote today,shop chicago installers save big get multiple free quote today,Good
contractor near enter zip get free quote,help quickly find quality local contractor,Good
premier company quality siding,premier quality siding call expert estimate today,Good
special limited time offer,qualifying installation apr month,Good
trustworthy company feldco,hurry offer end monday get free quote deal end,Good
top naperville pro compare multiple quote free,find naperville replacement pro free insurance every project,Good
top home company find company zip,find top replacement company zip code compare price today,Good
best replacement end monday,money interest year get free quote,Good
replacement deal save get free quote,installation company chicago see customer say,Good
replacement call today,buy get free financing expert installation midwest largest dealer,Good
replacement option,qualifying installation apr month,Good
replacement cost find cost zip code,find replacement cost zip code compare replacement cost today,Good
top quality perfect home,award winning energy efficient get free quote,Good
cheap replacement free quote naperville pro,smart shop replacement price compare naperville contractor,Good
save replacement get free quote,replacement company chicago contact u today,Good
need new call carmody every,get per install six,Good
sale buy get free,midwest largest dealer free quote financing payment,Good
energy efficient new comprehensive warranty,high energy top quality best lifetime warranty get quote,Good
cheap new special offer discount,smart shop new price compare contractor save,Good
new price find new price zip,find new price zip code compare new price today,Good
replacement naperville premium quality guaranteed,protect home stylish affordable replacement prompt service,Good
home replacement competitive pricing,premium quality give upgrade afford,Good
replacement carmody save money,get per trusted local pro business year,Good
replacement naperville start saving month,protect home stylish affordable replacement prompt service,Good
big replacement saving carmody construction,get per trusted local pro business year,Good
replacement option,find perfect home call today free quote,Good
replacement illinois energy,limited time interest month,Good
top energy efficient,find perfect home call today free quote,Good
installing installation service,trust vinyl installation book consultation,Good
vinyl replacement installed best price,replacement company chicago contact u today,Good
local installation get free quote,top rated installation contractor chicago great service call,Good
premier quality company installation,local energy efficient specialist free est obligation call u,Good
vinyl feldco end monday,hurry offer end monday get free quote deal end,Good
professional installation,find perfect home call today free quote,Good
vinyl deal special offer discount,smart shop vinyl price compare contractor save,Good
buy casement quality great price,trusted name since tech certified call quote,Good
casement feldco energy efficient beautiful,get free quote see many homeowner choose feldco,Good
vinyl casement low price guaranteed,low maintenance excellent weather resistance request estimate today,Good
casement sale quick price search zipcode,get free casement quote instantly compare price save,Good
home casement naperville top il price,naperville casement quote enter zipcode save today,Good
buy replacement online replacing old,get type replacement money back guarantee shop,Good
best replacement end monday,money interest year get free quote professional installation,Good
replacement sale,beautiful custom beldon call bogo year experience lifetime warranty rapid installation time free quote day family owned operated service installation repair replacement,Good
replacement naperville premium quality guaranteed,protect home stylish affordable replacement prompt service family owned operated workmanship guaranteed since energy certified energy efficient,Good
replacement option,qualifying installation apr month limited time promotion free quote special financing option professional installation style bay bow sliding casement double hung awning,Good
casement option,find perfect home call today free quote,Good
casement cost quality great price,trusted name since tech certified call quote,Good
casement cost special offer discount,smart shop local price compare contractor save,Good
casement price deal get exclusive free quote,competing quote ensure get best deal sent directly,Good
casement cost make replacing easy,find casement cost zip code compare casement cost today,Good
casement quality great price,trusted name since tech certified call quote,Good
premier quality company contractor,local energy efficient specialist free est obligation call u specializing home lot brand carried top line service,Good
home installation save get free quote,replacement company chicago contact u today fully insured quality workmanship yr service installation warranty top quality financing available,Good
cost estimator get instant free estimate,save big flawless efficient compare deal installation cost,Good
free estimate top quality,award winning energy efficient get free quote,Good
replacement sale,beautiful custom beldon call free quote day year experience family owned operated bogo lifetime warranty rapid installation time service installation repair replacement,Good
best replacement end monday,money interest year get free quote free estimate professional installation style double hung casement bay bow sliding awning picture garden basement,Good
replacement naperville premium quality guaranteed,protect home stylish affordable replacement prompt service since,Good
estimate deal special offer discount,smart shop local estimate compare contractor save,Good
free estimate top quality,making home beautiful energy efficient free estimate,Good
replacement low cost,plenty option choose,Good
replacement sale,beautiful custom beldon call,Good
replacement help home home service,get replacement help home depot expert rely,Good
special offer pricing,qualifying installation apr month special financing option limited time promotion free quote professional installation,Good
energy efficient feldco,hurry offer end monday get free quote deal end financing available lower energy bill served year service free easy quote style double hung casement bay bow sliding awning picture garden basement,Good
sale buy get free,midwest largest dealer free quote financing payment free consultation expert installation service siding stone roofing gutter,Good
home price get instant free estimate,save big flawless efficient compare deal installation cost lowest cost custom sizing available interest payment month energy efficient save electric bill service replacement new,Good
home replacement high quality installation,year experience replacement industry top quality installation warranty financing available better business bureau fully insured competitive pricing quality workmanship yr service free consultation,Good
replacement price find price zip code,find replacement price zip compare replacement price today top brand local deal find dealer free quote top rated compare price,Good
company world western chicago,quality product professional installation unbeatable value call today,Good
work chicago il,classic quality great price call quote friendly service beautiful durable affordable professional reliable destination cook county lake county dupage county county kane county,Good
top quality perfect home,award winning energy efficient get free quote comprehensive warranty high quality product durable free home estimate rate assurance bbb rating beautiful price assurance guarantee type slider slider basement hopper,Good
special limited time promotion,find perfect home call today free quote,Good
cheap sale special offer discount,smart shop local price compare contractor save,Good
replacement price find price zip code,find replacement price zip compare replacement price today,Good
replacement affordable replacement,protect home stylish affordable replacement,Good
sunrise price find sunrise price,find sunrise price zip code compare sunrise price today,Good
best replacement end monday,money interest year get free quote professional installation free estimate style double hung casement bay bow sliding awning picture garden basement,Good
replacement contractor home home service,get replaced home depot expert rely free estimate,Good
replacement big saving carmody,call local pro serving neighborhood year highly rated,Good
replacement option,qualifying installation apr month free quote professional installation limited time promotion special financing option,Good
home repair naperville glass replacement freequote,fully insured rated best price repair american brand day,Good
renewal sale save project,replacement schedule consultation today,Good
andersen replacement save today,resource replacement chicago contact u today,Good
andersen free consultation,top quality pro installation start home,Good
andersen deal special offer discount,shop naperville andersen price compare contractor save big,Good
naperville kolbe special offer discount,shop naperville kolbe price compare contractor save,Good
chicago friendly service,experience high quality product backed quality service,Good
special offer discount,huge discount newpellawindows promo ending soon instant quote,Good
renewal save replacement,get replacement hassle free process,Good
napervillemarvin special offer discount,find napervillemarvin deal act right get multiple free quote,Good
top vinyl affordable style,find home price zip code get new price today free quote find dealer,Good
sale buy get free,midwest largest dealer free quote financing payment expert installation free consultation service siding stone roofing gutter decking attic insulation closet organizer,Good
replacement price make replacing easy,find home price zip code compare replacement price today local deal free quote top brand amenity free estimate compare multiple quote find local deal review top brand,Good
home replacement competitive pricing,premium quality give upgrade afford quality workmanship top quality fully insured installation warranty financing available free consultation yr service better business bureau step consultation measure manufacture,Good
bartlett company,classic quality great price get buying guide reliable beautiful durable professional friendly service affordable service installation replacement financing,Good
bartlett hurry get free quote,miss limited time deal high quality get started right energy efficient top contractor exclusive price price match guarantee get free quote,Good
elgin winner super service award,chicago specialist since call free consultation visit showroom serving chicagoland since service replacement repair patio,Good
elgin company,classic quality great price get buying guide professional friendly service beautiful reliable,Good
elgin hurry get free quote,miss limited time deal high quality get started right compare installation cost energy efficient top contractor compare quote durable price match guarantee top brand exclusive price energy efficient,Good
joliet winner super service award,chicago specialist since call free consultation,Good
lombard company classic quality great price,get buying guide,Good
lombard hurry get free quote,miss limited time deal high quality get started right,Good
premier quality company installation near,local energy efficient specialist free est obligation call u,Good
home installation save get free quote,replacement company chicago contact u today,Good
local installation sale,beautiful custom beldon call,Good
home glass repair near fix home glass,repair home since best price quality repair year experience service broken glass replacement wood repair defogging commercial glass repair glass repair replacement,Good
chicago repair company usa board glass service,chicago area repair replacement call year service warranty minute response time onsite within hour labor quality guarantee hour emergency support highlight multiple payment option available bbb accredited business,Good
vinyl style option,qualifying installation apr month,Good
vinyl replacement,vinyl professional service call,Good
discount vinyl hurry get free quote,miss limited time deal high quality get started right,Good
orland replacement luxury vinyl,learn efficient offer double lifetime warranty,Good
replacement sell install,expert trust call u free estimate,Good
replacement transform home,recognized power outstanding customer satisfaction,Good
top rated replacement look,make right replacement decision discover beauty better keep original character quality customer service material matter replacement done right improve home,Good
replacement contractor home home service,get replaced home depot expert rely free estimate min labor warranty special financing licensed insured pro free consult type vinyl wood storm,Good
replacement option,qualifying installation apr month limited time promotion,Good
home replacement cost,estimate installation licensed professional guaranteed,Good
special offer pricing,qualifying installation apr month,Good
replacement top quality energy efficient,learn much save new today,Good
shawnee labor,durable beautiful andersen call save free estimate fast work,Good
home depot installation professional,free estimate schedule appointment online,Good
professional installation,qualifying installation apr month,Good
replacement contractor world western chicago,quality product professional installation unbeatable value call today,Good
vinyl installation zero pressure cost quote,wait call zero obligation fast easy quote easy,Good
memorial day saving visit official site,memorial day saving start shop save near today,Good
replacement service,let labor come replacing assessment special financing option team professional customer satisfaction year labor warranty brand pella reliabilt proline,Good
replacement top quality installation pro,installation home schedule free appointment today special financing,Good
replacement option,qualifying installation apr month limited time promotion special financing option free quote professional installation brand encompass pella series thermastar pella series pella series,Good
energy efficient pay low,let expert help find right solution home free consultation financing available work guaranteed home improvement expert type garden double hung geometric double slider bay bow awning picture patio,Good
replacement installs zero pressure cost quote,wait call zero obligation fast easy quote easy family owned operated year labor warranty truly custom solution licenced insured bbb rating,Good
perfect home high quality low cost,schedule free consultation learn save new,Good
cheap house fast free quote,smart shop house price compare contractor save,Good
used house hurry get free quote,miss limited time deal high quality get started right,Good
home sell install home,expert trust call u free estimate,Good
chicago home get instant free estimate,save big flawless efficient compare deal installation cost,Good
home replacement get new today,top quality energy efficient lifetime warranty get free estimate,Good
perfect home high quality low cost,schedule free consultation learn save new beautiful reliable professional durable friendly service affordable service installation replacement financing thermal scanning,Good
replacement installs zero pressure cost quote,wait call zero obligation fast easy quote easy pressure sale,Good
replacement option,qualifying installation apr month limited time promotion professional installation special financing option free quote,Good
energy efficient feldco,hurry offer end monday get free quote deal end year service,Good
replacement affordable replacement,protect home stylish affordable replacement service sale installation,Good
garden classic garden,classic great price see online gallery photo durable beautiful reliable professional friendly service affordable service installation replacement financing,Good
garden feldco open home,get free quote see many homeowner choose feldco lower energy bill free easy quote served financing available year service style double hung casement bay bow sliding awning picture garden basement,Good
garden amazon official site,shop device apparel book music free shipping qualified order explore amazon device fast shipping read rating review shop best seller deal stream video instantly save low price shop huge selection,Good
garden get best pricing instantly,instant garden quote act find lowest cost exclusive pro save time money energy efficiency saving saving offer style vinyl wood aluminim clad metal fiberglass,Good
garden,check glass top favorite sunny spot,Good
awning style option,qualifying installation apr month,Good
awning seeing believing,everything want connect dealer today,Good
looking awning feldco covered,get free quote see many homeowner choose feldco,Good
picture feldco maximize sunlight home,get free quote see many homeowner choose feldco,Good
custom company see online gallery,beautiful affordable home available friendly service affordable durable reliable beautiful professional type casement garden bow bay picture sliding,Good
energy efficient feldco,hurry offer end monday get free quote deal end served year service financing available lower energy bill free easy quote,Good
find picture zip picture price,find picture price zip code compare picture price today,Good
custom visit olson gallery,major style brand pro installs available call free estimate,Good
top custom make replacing easy,compare custom price zip get custom quote today,Good
custom price find custom zip,find custom price zip code compare custom price today,Good
custom deal special offer discount,smart shop custom price compare contractor save,Good
custom get best pricing instantly,free custom quote quickly compare cost today,Good
bow style option,find perfect home call today free quote,Good
bow feldco maximize sunlight home,get free quote see many homeowner choose feldco year service lower energy bill financing available served free easy quote style double hung casement bay bow sliding awning picture garden basement,Good
bow replacement financing available,replacement company chicago contact u today installation warranty fully insured,Good
bow price find bow price zip,find bow price zip code compare bow price today find dealer,Good
top bow make replacing easy,compare bow price zip get bow quote today top brand local deal free quote compare price amenity free estimate compare multiple quote find local deal review top brand,Good
bow deal fast free quote,smart shop bow price compare contractor save lowest cost save electric bill payment month interest custom sizing available service replacement new installation fast contractor quote,Good
double hung option,find perfect home call today free quote,Good
double hung quality great price,trusted name installation since call free quote,Good
double hung end monday,get free quote see many homeowner choose feldco,Good
naperville double hung top il price instantly,free double hung quote naperville deal,Good
double hung free quote chicago pro,replacement free quote minute start,Good
double hung save top product,stop store large variety quality double hung,Good
sliding option,find perfect home call today free quote,Good
sliding naperville il premium quality guaranteed,room huge selection proven performance fast install,Good
slider visit showroom gallery,get world class installation certified tech call free quote,Good
vinyl slider extremely strong durable,call today find perfect replacement next project,Good
beautiful sliding feldco,get free quote see many homeowner choose feldco,Good
sliding visit save,buy quality sliding pickup shop today,Good
replacement call today,buy get free financing expert installation midwest largest dealer free consultation,Good
save replacement get free quote,replacement company chicago contact u today top quality,Good
trustworthy company feldco,hurry offer end monday get free quote deal end year service,Good
replacement option,qualifying installation apr month free quote limited time promotion special financing option professional installation type wood fiberglass steel,Good
top quality lifetime warranty replacement service,award winning energy efficient get free quote free home estimate reduce cost bbb rating industry leading design,Good
top naperville pro compare multiple quote free,find naperville replacement pro free insurance every project interest save electric bill lowest cost payment month energy efficient custom sizing available brand andersen pella marvin milgard simonton,Good
free consultation quote,qualifying installation apr month limited time promotion,Good
cheap replacement fast free quote,smart shop quote price compare contractor save save electric bill interest lowest cost payment month style wood vinyl,Good
free quote new top quality lifetime warranty,making home beautiful energy efficient free estimate bbb rating,Good
installation service,get low price hassle book install assessment special financing option customer satisfaction team professional,Good
energy efficient feldco,hurry offer end monday get free quote deal end financing available free easy quote lower energy bill served year service style double hung casement bay bow sliding awning picture garden basement,Good
free home quote find quote zip,find replacement quote zip compare replacement price today top rated local deal top brand free quote find dealer compare price amenity compare price top brand style type find dealer free quote local deal,Good
sale buy get free,midwest largest dealer free quote financing payment free consultation expert installation service siding stone roofing gutter decking attic insulation closet organizer,Good
home replacement service naperville,best price quality replacement glass u right,Good
replacement cost quick price search zipcode,free replacement quote instantly compare price save,Good
cheap estimate fast free quote,smart shop local estimate compare contractor save,Good
vinyl replacement made chicago since,energy efficient built last request free estimate today,Good
local replacement grieff exterior service,family owned business providing top quality replacement home,Good
average home cost find cost zip code,find average cost zip code compare average cost today,Good
much fast free quote,smart shop local price compare contractor save,Good
much replacement much replacement,find much replacement related article search,Good
best replacement end monday,money interest year get free quote free estimate,Good
replacement sale,beautiful custom beldon call free quote day lifetime warranty family owned operated bogo year experience rapid installation time service installation repair replacement,Good
replacement cost find cost zip code,find replacement cost zip code compare replacement cost today free quote find dealer local deal compare price top brand top rated,Good
replacement option,qualifying installation apr month professional installation free quote limited time promotion special financing option style bay bow sliding casement double hung awning,Good
replacement quick price search zipcode,free replacement quote instantly compare price save local installers low maintenance find top deal type awning bay bow casement double hung picture egress single hung fixed garden,Good
top naperville pro compare multiple quote free,find naperville replacement pro free insurance every project lowest cost energy efficient save electric bill interest custom sizing available payment month brand andersen pella marvin milgard simonton,Good
replacement deal fast free quote,smart shop local price compare contractor save,Good
home repair naperville glass replacement freequote,fully insured rated best price repair american brand,Good
friendly home replacement,premium quality competitive pricing,Good
local installation money interest,beautiful custom beldon call,Good
home installation quality workmanship,transform home upgrading today,Good
quality installation feldco,hurry offer end monday get free quote deal end,Good
top naperville installers get multiple free quote today,find naperville installers shop multiple quote save big act right,Good
nfrc performance rating find best energy saver,easily compare product make best purchase decision start,Good
replacement deal fast free quote,smart find best price compare contractor save,Good
top contractor energy efficient,expert help find right solution home,Good
flagstaff hurry get free quote,miss limited time deal high quality get started right,Good
best fast free quote,smart find best price compare contractor save interest,Good
energy efficient feldco,hurry offer end monday get free quote deal end financing available lower energy bill served year service free easy quote,Good
top home company find company zip,find top replacement company zip code compare price today top rated top brand compare price find dealer local deal free quote amenity compare price top brand style type find dealer free quote local deal,Good
sale buy get free,midwest largest dealer free quote financing payment free consultation expert installation service siding stone roofing gutter decking,Good
special recommended company,bbb rated year experience best special chicagoland free upgrade easy financing bbb rating year business type double hung single hung commercial vinyl,Good
top company make replacing easy,compare company price zip get best company quote today local deal top brand free quote compare price amenity free estimate compare multiple quote find local deal review top brand,Good
top rated replacement top rated replacement,find best result around web relevant answer easy explore fast relevant info browse result type home improvement garden recipe idea,Good
